loss,epoch,created_at
0.11840155720710754,0,2019-12-16 02:17:13.906876
0.10818161815404892,1,2019-12-16 02:17:14.278280
0.10073547065258026,2,2019-12-16 02:17:14.340484
0.08114857971668243,3,2019-12-16 02:17:14.409670
0.07313694059848785,4,2019-12-16 02:17:14.470371
0.06027938425540924,5,2019-12-16 02:17:14.530253
0.05150322988629341,6,2019-12-16 02:17:14.801320
0.04434024170041084,7,2019-12-16 02:17:14.872075
0.03838227689266205,8,2019-12-16 02:17:14.933979
0.033098284155130386,9,2019-12-16 02:17:15.003726
0.028871838003396988,10,2019-12-16 02:17:15.064943
0.025695279240608215,11,2019-12-16 02:17:15.368390
0.02279415912926197,12,2019-12-16 02:17:15.429257
0.020156996324658394,13,2019-12-16 02:17:15.487306
0.017935657873749733,14,2019-12-16 02:17:15.548820
0.016176708042621613,15,2019-12-16 02:17:15.608651
0.014781544916331768,16,2019-12-16 02:17:15.888723
0.013562170788645744,17,2019-12-16 02:17:15.950432
0.012678493745625019,18,2019-12-16 02:17:16.007144
0.011930875480175018,19,2019-12-16 02:17:16.067326
0.011297949589788914,20,2019-12-16 02:17:16.127514
0.010731888003647327,21,2019-12-16 02:17:16.390753
0.010190301574766636,22,2019-12-16 02:17:16.452948
0.009650574997067451,23,2019-12-16 02:17:16.512840
0.009157336317002773,24,2019-12-16 02:17:16.568352
0.008715739473700523,25,2019-12-16 02:17:16.609912
0.008306230418384075,26,2019-12-16 02:17:16.840520
0.008002243936061859,27,2019-12-16 02:17:16.883233
0.007706358563154936,28,2019-12-16 02:17:16.925070
0.0075277588330209255,29,2019-12-16 02:17:16.966402
0.007252632640302181,30,2019-12-16 02:17:17.007651
0.007051398046314716,31,2019-12-16 02:17:17.227484
0.006809993647038937,32,2019-12-16 02:17:17.269113
0.006623740307986736,33,2019-12-16 02:17:17.310922
0.006390914786607027,34,2019-12-16 02:17:17.353939
0.006190228275954723,35,2019-12-16 02:17:17.400560
0.005957114044576883,36,2019-12-16 02:17:17.632450
0.0058096833527088165,37,2019-12-16 02:17:17.696397
0.005635806825011969,38,2019-12-16 02:17:17.754809
0.005512116011232138,39,2019-12-16 02:17:17.803741
0.005385661963373423,40,2019-12-16 02:17:17.853206
0.005286018364131451,41,2019-12-16 02:17:18.107477
0.005243253894150257,42,2019-12-16 02:17:18.156376
0.005421249661594629,43,2019-12-16 02:17:18.217589
0.004988417495042086,44,2019-12-16 02:17:18.271595
0.004682666156440973,45,2019-12-16 02:17:18.331169
0.004682822618633509,46,2019-12-16 02:17:18.570393
0.004444896709173918,47,2019-12-16 02:17:18.631526
0.004313392098993063,48,2019-12-16 02:17:18.691938
0.004297623876482248,49,2019-12-16 02:17:18.753069
0.004280703142285347,50,2019-12-16 02:17:18.813184
0.00471191992983222,51,2019-12-16 02:17:19.066458
0.0044437977485358715,52,2019-12-16 02:17:19.129282
0.0038965849671512842,53,2019-12-16 02:17:19.188965
0.004227537661790848,54,2019-12-16 02:17:19.250223
0.0037086820229887962,55,2019-12-16 02:17:19.321783
0.003874098649248481,56,2019-12-16 02:17:19.579799
0.0034814977552741766,57,2019-12-16 02:17:19.646873
0.0036082034930586815,58,2019-12-16 02:17:19.714587
0.0033363979309797287,59,2019-12-16 02:17:19.779149
0.003416903782635927,60,2019-12-16 02:17:19.847668
0.0032165523152798414,61,2019-12-16 02:17:20.143301
0.0032523092813789845,62,2019-12-16 02:17:20.209096
0.0030511252116411924,63,2019-12-16 02:17:20.271973
0.0031020562164485455,64,2019-12-16 02:17:20.352351
0.002945121144875884,65,2019-12-16 02:17:20.416553
0.0029635673854500055,66,2019-12-16 02:17:20.700752
0.0028662437107414007,67,2019-12-16 02:17:20.769607
0.0028595994226634502,68,2019-12-16 02:17:20.838213
0.0027602065820246935,69,2019-12-16 02:17:20.897521
0.002765846671536565,70,2019-12-16 02:17:20.949735
0.0026751309633255005,71,2019-12-16 02:17:21.227024
0.002666110871359706,72,2019-12-16 02:17:21.279647
0.0026109826285392046,73,2019-12-16 02:17:21.331702
0.0025926721282303333,74,2019-12-16 02:17:21.383054
0.0025568646378815174,75,2019-12-16 02:17:21.427503
0.0025084232911467552,76,2019-12-16 02:17:21.693124
0.0024799054954200983,77,2019-12-16 02:17:21.746622
0.002423575846478343,78,2019-12-16 02:17:21.791405
0.002413022331893444,79,2019-12-16 02:17:21.849439
0.002364393789321184,80,2019-12-16 02:17:21.897442
0.0023622699081897736,81,2019-12-16 02:17:22.161951
0.0023761834017932415,82,2019-12-16 02:17:22.211741
0.002445673104375601,83,2019-12-16 02:17:22.258817
0.0025154270697385073,84,2019-12-16 02:17:22.308341
0.0024306506384164095,85,2019-12-16 02:17:22.359249
0.002344591310247779,86,2019-12-16 02:17:22.601757
0.0023004133254289627,87,2019-12-16 02:17:22.654897
0.0022464673966169357,88,2019-12-16 02:17:22.701309
0.0023043255787342787,89,2019-12-16 02:17:22.752285
0.002299149287864566,90,2019-12-16 02:17:22.800625
0.002153463428840041,91,2019-12-16 02:17:23.069745
0.002177017740905285,92,2019-12-16 02:17:23.126316
0.0022373474203050137,93,2019-12-16 02:17:23.174482
0.0020919679664075375,94,2019-12-16 02:17:23.216057
0.0020681971218436956,95,2019-12-16 02:17:23.269657
0.0021534315310418606,96,2019-12-16 02:17:23.525844
0.0019893969874829054,97,2019-12-16 02:17:23.568915
0.002004028297960758,98,2019-12-16 02:17:23.622275
0.002027284586802125,99,2019-12-16 02:17:23.680750
0.001926645403727889,100,2019-12-16 02:17:23.742146
0.001937927445396781,101,2019-12-16 02:17:24.024377
0.0019275714876130223,102,2019-12-16 02:17:24.080121
0.0018721530213952065,103,2019-12-16 02:17:24.149094
0.0018673002487048507,104,2019-12-16 02:17:24.217417
0.0018412928329780698,105,2019-12-16 02:17:24.283418
0.0018358805682510138,106,2019-12-16 02:17:24.565095
0.0018181055784225464,107,2019-12-16 02:17:24.615457
0.0017624972388148308,108,2019-12-16 02:17:24.665690
0.0017701960168778896,109,2019-12-16 02:17:24.714669
0.0017673749243840575,110,2019-12-16 02:17:24.763876
0.0017342858482152224,111,2019-12-16 02:17:25.033090
0.0017347002867609262,112,2019-12-16 02:17:25.082723
0.0017275919672101736,113,2019-12-16 02:17:25.131720
0.001721736742183566,114,2019-12-16 02:17:25.180227
0.0017535692313686013,115,2019-12-16 02:17:25.227986
0.0018762248801067472,116,2019-12-16 02:17:25.476496
0.002140273340046406,117,2019-12-16 02:17:25.528362
0.0021350837778300047,118,2019-12-16 02:17:25.576155
0.0018277113558724523,119,2019-12-16 02:17:25.624325
0.0018174691358581185,120,2019-12-16 02:17:25.672311
0.0018505945336073637,121,2019-12-16 02:17:25.839714
0.0017665917985141277,122,2019-12-16 02:17:25.888195
0.0017091085901483893,123,2019-12-16 02:17:25.937423
0.001762249507009983,124,2019-12-16 02:17:25.986124
0.001709459349513054,125,2019-12-16 02:17:26.036497
0.0016639719251543283,126,2019-12-16 02:17:26.205934
0.0016556736081838608,127,2019-12-16 02:17:26.254014
0.0016558796633034945,128,2019-12-16 02:17:26.302716
0.0015923589235171676,129,2019-12-16 02:17:26.350922
0.001607815851457417,130,2019-12-16 02:17:26.399861
0.001567764556966722,131,2019-12-16 02:17:26.566664
0.0015807747840881348,132,2019-12-16 02:17:26.616791
0.0015364974969998002,133,2019-12-16 02:17:26.666435
0.0015457940753549337,134,2019-12-16 02:17:26.714914
0.0015238835476338863,135,2019-12-16 02:17:26.763615
0.001501013757660985,136,2019-12-16 02:17:27.034976
0.0015102711040526628,137,2019-12-16 02:17:27.085671
0.0014888757141306996,138,2019-12-16 02:17:27.134578
0.0014797609765082598,139,2019-12-16 02:17:27.183622
0.0014727495145052671,140,2019-12-16 02:17:27.234587
0.0014574688393622637,141,2019-12-16 02:17:27.494939
0.001459892955608666,142,2019-12-16 02:17:27.551454
0.0014368608826771379,143,2019-12-16 02:17:27.600022
0.0014268680242821574,144,2019-12-16 02:17:27.648379
0.001428345451131463,145,2019-12-16 02:17:27.697974
0.001414356054738164,146,2019-12-16 02:17:27.968595
0.001413589809089899,147,2019-12-16 02:17:28.018013
0.0014067116426303983,148,2019-12-16 02:17:28.066419
0.0013926136307418346,149,2019-12-16 02:17:28.116286
0.0013894238509237766,150,2019-12-16 02:17:28.165181
0.0013868677197024226,151,2019-12-16 02:17:28.430129
0.0013897956814616919,152,2019-12-16 02:17:28.479375
0.0014273056294769049,153,2019-12-16 02:17:28.537564
0.0014940225519239902,154,2019-12-16 02:17:28.588122
0.001672064419835806,155,2019-12-16 02:17:28.637095
0.0016189028974622488,156,2019-12-16 02:17:28.905181
0.001474431250244379,157,2019-12-16 02:17:28.954338
0.0014089897740632296,158,2019-12-16 02:17:29.003289
0.0015010705683380365,159,2019-12-16 02:17:29.051571
0.001510242116637528,160,2019-12-16 02:17:29.105965
0.001355003914795816,161,2019-12-16 02:17:29.376475
0.0014646550407633185,162,2019-12-16 02:17:29.426498
0.0014836207265034318,163,2019-12-16 02:17:29.482392
0.0013741889270022511,164,2019-12-16 02:17:29.532897
0.0014331561978906393,165,2019-12-16 02:17:29.582599
0.0013949484564363956,166,2019-12-16 02:17:29.862960
0.0013517832849174738,167,2019-12-16 02:17:29.912796
0.0013978112256154418,168,2019-12-16 02:17:29.962543
0.0013320547295734286,169,2019-12-16 02:17:30.011044
0.0013445086078718305,170,2019-12-16 02:17:30.059599
0.0013380935415625572,171,2019-12-16 02:17:30.324673
0.0013283295556902885,172,2019-12-16 02:17:30.374260
0.0013216775842010975,173,2019-12-16 02:17:30.422835
0.0012965117348358035,174,2019-12-16 02:17:30.471476
0.0013110117288306355,175,2019-12-16 02:17:30.519863
0.0012787695741280913,176,2019-12-16 02:17:30.789899
0.001302319928072393,177,2019-12-16 02:17:30.844182
0.001295279711484909,178,2019-12-16 02:17:30.901456
0.0012613193830475211,179,2019-12-16 02:17:30.982524
0.0012858924455940723,180,2019-12-16 02:17:31.032298
0.0012556102592498064,181,2019-12-16 02:17:31.204726
0.0012504705227911472,182,2019-12-16 02:17:31.253568
0.001257099793292582,183,2019-12-16 02:17:31.302365
0.0012481554877012968,184,2019-12-16 02:17:31.351649
0.0012536938302218914,185,2019-12-16 02:17:31.400011
0.0012487374478951097,186,2019-12-16 02:17:31.566952
0.001261477591469884,187,2019-12-16 02:17:31.633446
0.001255369046702981,188,2019-12-16 02:17:31.815702
0.001264722435735166,189,2019-12-16 02:17:31.878889
0.0012664085952565074,190,2019-12-16 02:17:31.942653
0.0012692883610725403,191,2019-12-16 02:17:32.202370
0.0012521654134616256,192,2019-12-16 02:17:32.268137
0.0012343605048954487,193,2019-12-16 02:17:32.331492
0.0012146452208980918,194,2019-12-16 02:17:32.392652
0.0011968699982389808,195,2019-12-16 02:17:32.455404
0.0011877305805683136,196,2019-12-16 02:17:32.699522
0.0011988909682258964,197,2019-12-16 02:17:32.763440
0.001208626083098352,198,2019-12-16 02:17:32.824556
0.001220437465235591,199,2019-12-16 02:17:32.885963
0.001232801703736186,200,2019-12-16 02:17:32.942841
0.001228657434694469,201,2019-12-16 02:17:33.185152
0.0012281285598874092,202,2019-12-16 02:17:33.232350
0.0012013815576210618,203,2019-12-16 02:17:33.276299
0.001171995303593576,204,2019-12-16 02:17:33.324988
0.00115564267616719,205,2019-12-16 02:17:33.370889
0.0011584816966205835,206,2019-12-16 02:17:33.616557
0.0011694164713844657,207,2019-12-16 02:17:33.662994
0.001178843667730689,208,2019-12-16 02:17:33.707477
0.0011929854517802596,209,2019-12-16 02:17:33.754531
0.0012020692229270935,210,2019-12-16 02:17:33.798762
0.001256288611330092,211,2019-12-16 02:17:34.051536
0.0013235756196081638,212,2019-12-16 02:17:34.097250
0.001461677486076951,213,2019-12-16 02:17:34.141175
0.001413016114383936,214,2019-12-16 02:17:34.184331
0.0012042568996548653,215,2019-12-16 02:17:34.229626
0.0012672946322709322,216,2019-12-16 02:17:34.469857
0.0012622281210497022,217,2019-12-16 02:17:34.516019
0.001212838338688016,218,2019-12-16 02:17:34.565315
0.001208784058690071,219,2019-12-16 02:17:34.614561
0.0011884684208780527,220,2019-12-16 02:17:34.663769
0.0011814701138064265,221,2019-12-16 02:17:34.908093
0.001183376065455377,222,2019-12-16 02:17:34.956867
0.0011761734494939446,223,2019-12-16 02:17:35.020900
0.001153408782556653,224,2019-12-16 02:17:35.087085
0.001163505483418703,225,2019-12-16 02:17:35.148057
0.0011515998048707843,226,2019-12-16 02:17:35.384865
0.0011600906727835536,227,2019-12-16 02:17:35.443164
0.0011472098995000124,228,2019-12-16 02:17:35.500150
0.0011318561155349016,229,2019-12-16 02:17:35.558188
0.001119024120271206,230,2019-12-16 02:17:35.616199
0.0011251892428845167,231,2019-12-16 02:17:35.866648
0.0011095913359895349,232,2019-12-16 02:17:35.925861
0.001119097345508635,233,2019-12-16 02:17:35.968740
0.0011004372499883175,234,2019-12-16 02:17:36.009484
0.001103131682612002,235,2019-12-16 02:17:36.051253
0.0010995015036314726,236,2019-12-16 02:17:36.286172
0.0010999419027939439,237,2019-12-16 02:17:36.328345
0.0011098250979557633,238,2019-12-16 02:17:36.369631
0.0011373809538781643,239,2019-12-16 02:17:36.410272
0.0011575099779292941,240,2019-12-16 02:17:36.451056
0.0012338763335719705,241,2019-12-16 02:17:36.712934
0.0011591631919145584,242,2019-12-16 02:17:36.765548
0.0011080860858783126,243,2019-12-16 02:17:36.817211
0.001106124371290207,244,2019-12-16 02:17:36.868128
0.0011390546569600701,245,2019-12-16 02:17:36.919378
0.001140761305578053,246,2019-12-16 02:17:37.153782
0.0010910999262705445,247,2019-12-16 02:17:37.205655
0.001070421072654426,248,2019-12-16 02:17:37.258482
0.0010950790019705892,249,2019-12-16 02:17:37.312574
0.0011286650551483035,250,2019-12-16 02:17:37.365955
0.0010895960731431842,251,2019-12-16 02:17:37.604413
0.0010736238909885287,252,2019-12-16 02:17:37.659526
0.0010808499064296484,253,2019-12-16 02:17:37.711111
0.0010796443093568087,254,2019-12-16 02:17:37.760855
0.0010759636061266065,255,2019-12-16 02:17:37.809748
0.0010759158758446574,256,2019-12-16 02:17:38.060286
0.0010614029597491026,257,2019-12-16 02:17:38.111388
0.0010795522248372436,258,2019-12-16 02:17:38.165703
0.0010899357730522752,259,2019-12-16 02:17:38.218058
0.0011132979998365045,260,2019-12-16 02:17:38.271430
0.0011424676049500704,261,2019-12-16 02:17:38.523189
0.0012604610528796911,262,2019-12-16 02:17:38.577325
0.0011456407373771071,263,2019-12-16 02:17:38.630375
0.0010706533212214708,264,2019-12-16 02:17:38.682207
0.0010692187352105975,265,2019-12-16 02:17:38.735475
0.0011100135743618011,266,2019-12-16 02:17:38.986023
0.0011077114613726735,267,2019-12-16 02:17:39.039953
0.0010854401625692844,268,2019-12-16 02:17:39.089575
0.0010960459476336837,269,2019-12-16 02:17:39.141743
0.0010682193096727133,270,2019-12-16 02:17:39.194341
0.0010585933923721313,271,2019-12-16 02:17:39.440299
0.0010673392098397017,272,2019-12-16 02:17:39.494140
0.0010705600725486875,273,2019-12-16 02:17:39.547306
0.0010628777090460062,274,2019-12-16 02:17:39.600550
0.001031725201755762,275,2019-12-16 02:17:39.650208
0.0010612807236611843,276,2019-12-16 02:17:39.902121
0.0010545067489147186,277,2019-12-16 02:17:39.954821
0.0010198850650340319,278,2019-12-16 02:17:40.006282
0.001034458982758224,279,2019-12-16 02:17:40.057754
0.0010450808331370354,280,2019-12-16 02:17:40.131514
0.0010479380143806338,281,2019-12-16 02:17:40.373864
0.0010412851115688682,282,2019-12-16 02:17:40.440090
0.0010527384001761675,283,2019-12-16 02:17:40.495205
0.0010409808019176126,284,2019-12-16 02:17:40.549747
0.0010301237925887108,285,2019-12-16 02:17:40.604226
0.0010209926404058933,286,2019-12-16 02:17:40.861045
0.001035762601532042,287,2019-12-16 02:17:40.914587
0.0010223010322079062,288,2019-12-16 02:17:40.978437
0.0009979057358577847,289,2019-12-16 02:17:41.034064
0.0010022376663982868,290,2019-12-16 02:17:41.217041
0.0010017085587605834,291,2019-12-16 02:17:41.472065
0.0009893253445625305,292,2019-12-16 02:17:41.527229
0.0009898190619423985,293,2019-12-16 02:17:41.578343
0.001002564444206655,294,2019-12-16 02:17:41.631041
0.0010216375812888145,295,2019-12-16 02:17:41.686274
0.0010784751502797008,296,2019-12-16 02:17:41.938482
0.0011082165874540806,297,2019-12-16 02:17:41.991080
0.0012823173310607672,298,2019-12-16 02:17:42.042178
0.0011328868567943573,299,2019-12-16 02:17:42.095306
0.0011281592305749655,300,2019-12-16 02:17:42.150226
0.0011530962074175477,301,2019-12-16 02:17:42.395118
0.001089732744731009,302,2019-12-16 02:17:42.450893
0.0011293129064142704,303,2019-12-16 02:17:42.503224
0.0010366624919697642,304,2019-12-16 02:17:42.554000
0.0010671565541997552,305,2019-12-16 02:17:42.606499
0.0010952346492558718,306,2019-12-16 02:17:42.846060
0.0010224019642919302,307,2019-12-16 02:17:42.898370
0.001055993838235736,308,2019-12-16 02:17:42.952138
0.001012236811220646,309,2019-12-16 02:17:43.009595
0.001040891045704484,310,2019-12-16 02:17:43.064813
0.0010459680343046784,311,2019-12-16 02:17:43.312193
0.001003425451926887,312,2019-12-16 02:17:43.374743
0.0010216780938208103,313,2019-12-16 02:17:43.430728
0.0010082819499075413,314,2019-12-16 02:17:43.484017
0.0010264144511893392,315,2019-12-16 02:17:43.537143
0.000971035158727318,316,2019-12-16 02:17:43.775197
0.0009985644137486815,317,2019-12-16 02:17:43.830297
0.0009753686026670039,318,2019-12-16 02:17:43.879792
0.0009911558590829372,319,2019-12-16 02:17:43.930268
0.0009699549409560859,320,2019-12-16 02:17:43.980674
0.0009680730290710926,321,2019-12-16 02:17:44.228100
0.0009551830589771271,322,2019-12-16 02:17:44.284035
0.0009526102803647518,323,2019-12-16 02:17:44.335161
0.0009580145706422627,324,2019-12-16 02:17:44.386545
0.0009550145477987826,325,2019-12-16 02:17:44.439599
0.0009559180471114814,326,2019-12-16 02:17:44.671986
0.0009431342477910221,327,2019-12-16 02:17:44.725892
0.0009464917238801718,328,2019-12-16 02:17:44.777759
0.000943599094171077,329,2019-12-16 02:17:44.828960
0.0009474097169004381,330,2019-12-16 02:17:44.882078
0.0009464393951930106,331,2019-12-16 02:17:45.119486
0.000954250106588006,332,2019-12-16 02:17:45.172835
0.0010040543274953961,333,2019-12-16 02:17:45.227563
0.0010472597787156701,334,2019-12-16 02:17:45.279291
0.0012038720306009054,335,2019-12-16 02:17:45.331432
0.0010672153439372778,336,2019-12-16 02:17:45.575360
0.0010480692144483328,337,2019-12-16 02:17:45.630977
0.0010550003498792648,338,2019-12-16 02:17:45.683252
0.0010046386159956455,339,2019-12-16 02:17:45.737078
0.0010090426076203585,340,2019-12-16 02:17:45.807058
0.0010221072006970644,341,2019-12-16 02:17:46.057101
0.001020801137201488,342,2019-12-16 02:17:46.113880
0.0009722818504087627,343,2019-12-16 02:17:46.167850
0.0009878979763016105,344,2019-12-16 02:17:46.226485
0.0010511791333556175,345,2019-12-16 02:17:46.409236
0.0009695388143882155,346,2019-12-16 02:17:46.666963
0.000985309248790145,347,2019-12-16 02:17:46.722557
0.001010725274682045,348,2019-12-16 02:17:46.778553
0.0009646234684623778,349,2019-12-16 02:17:46.832139
0.0009743355913087726,350,2019-12-16 02:17:46.887764
0.0009913661051541567,351,2019-12-16 02:17:47.146936
0.0009333139751106501,352,2019-12-16 02:17:47.200681
0.0009673019521869719,353,2019-12-16 02:17:47.252457
0.0009710622252896428,354,2019-12-16 02:17:47.305504
0.000927553279325366,355,2019-12-16 02:17:47.361056
0.0009571550763212144,356,2019-12-16 02:17:47.605063
0.0009599957847967744,357,2019-12-16 02:17:47.655505
0.0009257649071514606,358,2019-12-16 02:17:47.706083
0.000946149171795696,359,2019-12-16 02:17:47.755956
0.0009383608703501523,360,2019-12-16 02:17:47.805588
0.0009131357655860484,361,2019-12-16 02:17:48.051185
0.00093889981508255,362,2019-12-16 02:17:48.101669
0.0009289117879234254,363,2019-12-16 02:17:48.154874
0.0009075821726582944,364,2019-12-16 02:17:48.205511
0.0009313107002526522,365,2019-12-16 02:17:48.255754
0.0009108510566875339,366,2019-12-16 02:17:48.501365
0.0009179796325042844,367,2019-12-16 02:17:48.553878
0.0009653153829276562,368,2019-12-16 02:17:49.086186
0.0009491568198427558,369,2019-12-16 02:17:49.136972
0.000979175209067762,370,2019-12-16 02:17:49.186596
0.0009485800983384252,371,2019-12-16 02:17:49.420296
0.0009361205156892538,372,2019-12-16 02:17:49.469819
0.0008982543949969113,373,2019-12-16 02:17:49.520205
0.0009127084049396217,374,2019-12-16 02:17:49.569402
0.0009325724677182734,375,2019-12-16 02:17:49.619615
0.000925196276511997,376,2019-12-16 02:17:49.866825
0.0009511665557511151,377,2019-12-16 02:17:49.917626
0.0008975437376648188,378,2019-12-16 02:17:49.967666
0.0008865040726959705,379,2019-12-16 02:17:50.016912
0.0008850611047819257,380,2019-12-16 02:17:50.066779
0.0008733037393540144,381,2019-12-16 02:17:50.304835
0.0008849354344420135,382,2019-12-16 02:17:50.356649
0.0008811748120933771,383,2019-12-16 02:17:50.407133
0.0008846913697198033,384,2019-12-16 02:17:50.457982
0.0008999184938147664,385,2019-12-16 02:17:50.508752
0.0009535965509712696,386,2019-12-16 02:17:50.793231
0.0009014011593535542,387,2019-12-16 02:17:50.842912
0.0008876307401806116,388,2019-12-16 02:17:50.892807
0.0008719144389033318,389,2019-12-16 02:17:50.942775
0.0008662114851176739,390,2019-12-16 02:17:50.991988
0.0008989908383227885,391,2019-12-16 02:17:51.273434
0.0008955026278272271,392,2019-12-16 02:17:51.326244
0.0009205109672620893,393,2019-12-16 02:17:51.376861
0.0009016134426929057,394,2019-12-16 02:17:51.427205
0.0008874180493876338,395,2019-12-16 02:17:51.484621
0.000870519143063575,396,2019-12-16 02:17:51.762812
0.0008822857635095716,397,2019-12-16 02:17:51.813662
0.000881135230883956,398,2019-12-16 02:17:51.864203
0.0008803944801911712,399,2019-12-16 02:17:51.914417
0.0008823253447189927,400,2019-12-16 02:17:51.964659
0.0008491404005326331,401,2019-12-16 02:17:52.249920
0.0008678226149640977,402,2019-12-16 02:17:52.299918
0.0008875164203345776,403,2019-12-16 02:17:52.350494
0.0009031295194290578,404,2019-12-16 02:17:52.401179
0.0008844799012877047,405,2019-12-16 02:17:52.501706
0.0008556514512747526,406,2019-12-16 02:17:52.815431
0.0008399305515922606,407,2019-12-16 02:17:52.873408
0.0008696851436980069,408,2019-12-16 02:17:52.923992
0.0008797484915703535,409,2019-12-16 02:17:52.974336
0.0008812095620669425,410,2019-12-16 02:17:53.064323
0.0008559972047805786,411,2019-12-16 02:17:53.337063
0.0008496114751324058,412,2019-12-16 02:17:53.388659
0.0008550279308110476,413,2019-12-16 02:17:53.438889
0.0008756369934417307,414,2019-12-16 02:17:53.967408
0.0008514805813319981,415,2019-12-16 02:17:54.069604
0.0008304527145810425,416,2019-12-16 02:17:54.358851
0.0008419216610491276,417,2019-12-16 02:17:54.409089
0.0008704053470864892,418,2019-12-16 02:17:54.458456
0.0008585122413933277,419,2019-12-16 02:17:54.517626
0.000877624552231282,420,2019-12-16 02:17:54.568041
0.0008629874209873378,421,2019-12-16 02:17:54.828731
0.0008999800193123519,422,2019-12-16 02:17:54.879162
0.0008730747504159808,423,2019-12-16 02:17:54.929464
0.0008541186107322574,424,2019-12-16 02:17:54.979673
0.0008145379251800478,425,2019-12-16 02:17:55.029655
0.0008331483695656061,426,2019-12-16 02:17:55.320728
0.0008543491130694747,427,2019-12-16 02:17:55.370532
0.0008202869794331491,428,2019-12-16 02:17:55.495294
0.0008273671846836805,429,2019-12-16 02:17:55.565726
0.0008513001375831664,430,2019-12-16 02:17:55.636686
0.0008745204540900886,431,2019-12-16 02:17:55.912787
0.0008417415083386004,432,2019-12-16 02:17:55.992179
0.0008569158962927759,433,2019-12-16 02:17:56.063284
0.0008282343624159694,434,2019-12-16 02:17:56.142766
0.0008411899325437844,435,2019-12-16 02:17:56.193289
0.0008522523567080498,436,2019-12-16 02:17:56.431034
0.000826297968160361,437,2019-12-16 02:17:56.477673
0.0008234962006099522,438,2019-12-16 02:17:56.600161
0.0008684772183187306,439,2019-12-16 02:17:56.677025
0.0008208483923226595,440,2019-12-16 02:17:56.756264
0.0008202422177419066,441,2019-12-16 02:17:57.081495
0.0008625049376860261,442,2019-12-16 02:17:57.130084
0.0008544571464881301,443,2019-12-16 02:17:57.177997
0.0009611962595954537,444,2019-12-16 02:17:57.223865
0.0008585936739109457,445,2019-12-16 02:17:57.272337
0.0008982394938357174,446,2019-12-16 02:17:57.551676
0.0009686442790552974,447,2019-12-16 02:17:57.599695
0.0008914532954804599,448,2019-12-16 02:17:57.725817
0.0010566787095740438,449,2019-12-16 02:17:57.792406
0.0009216415928676724,450,2019-12-16 02:17:57.857354
0.0009356819791719317,451,2019-12-16 02:17:58.098577
0.0009379655821248889,452,2019-12-16 02:17:58.146464
0.0009539196034893394,453,2019-12-16 02:17:58.260117
0.0009491570526733994,454,2019-12-16 02:17:58.364989
0.0009330289904028177,455,2019-12-16 02:17:58.412963
0.0008833259344100952,456,2019-12-16 02:17:59.051720
0.0009141085320152342,457,2019-12-16 02:18:00.019966
0.0008501195115968585,458,2019-12-16 02:18:00.125470
0.0008777595357969403,459,2019-12-16 02:18:00.239092
0.0008607727941125631,460,2019-12-16 02:18:00.335674
0.0008727640961296856,461,2019-12-16 02:18:00.651775
0.0008410087903030217,462,2019-12-16 02:18:00.701039
0.0008429134031757712,463,2019-12-16 02:18:00.812448
0.0008329909760504961,464,2019-12-16 02:18:00.914514
0.000841688655782491,465,2019-12-16 02:18:00.968962
0.0008163638412952423,466,2019-12-16 02:18:01.221904
0.0008126188768073916,467,2019-12-16 02:18:01.271879
0.0008141298894770443,468,2019-12-16 02:18:01.320662
0.0008098397520370781,469,2019-12-16 02:18:01.370601
0.0007949132123030722,470,2019-12-16 02:18:01.420724
0.0007903770310804248,471,2019-12-16 02:18:01.698290
0.0007873115828260779,472,2019-12-16 02:18:01.761809
0.0007921074284240603,473,2019-12-16 02:18:01.809679
0.0007765617338009179,474,2019-12-16 02:18:01.856964
0.0007752868696115911,475,2019-12-16 02:18:01.906075
0.0007646116428077221,476,2019-12-16 02:18:02.145627
0.0007723927265033126,477,2019-12-16 02:18:02.189597
0.000766880577430129,478,2019-12-16 02:18:02.237938
0.0007692708168178797,479,2019-12-16 02:18:02.284059
0.0007586063584312797,480,2019-12-16 02:18:02.331039
0.0007571452297270298,481,2019-12-16 02:18:02.550425
0.0007496497710235417,482,2019-12-16 02:18:02.598160
0.0007521770894527435,483,2019-12-16 02:18:02.647395
0.0007536050979979336,484,2019-12-16 02:18:02.692512
0.000766104378271848,485,2019-12-16 02:18:02.741563
0.0007874136790633202,486,2019-12-16 02:18:02.989727
0.0008318870095536113,487,2019-12-16 02:18:03.036969
0.0009187553660012782,488,2019-12-16 02:18:03.114406
0.0009577250457368791,489,2019-12-16 02:18:03.161358
0.0009793279459699988,490,2019-12-16 02:18:03.211699
0.000801646092440933,491,2019-12-16 02:18:03.453327
0.0008349178242497146,492,2019-12-16 02:18:03.500789
0.0009183051879517734,493,2019-12-16 02:18:03.546919
0.0007943143136799335,494,2019-12-16 02:18:03.593561
0.0007881597266532481,495,2019-12-16 02:18:03.639461
0.0008666746434755623,496,2019-12-16 02:18:03.879599
0.0007853549905121326,497,2019-12-16 02:18:03.929144
0.0007651607156731188,498,2019-12-16 02:18:04.620543
0.0008104454027488828,499,2019-12-16 02:18:04.670126
0.0007612217450514436,500,2019-12-16 02:18:04.718136
0.0007630442851223052,501,2019-12-16 02:18:04.978898
0.0007846580701880157,502,2019-12-16 02:18:05.043161
0.000744582386687398,503,2019-12-16 02:18:05.100401
0.0007568419678136706,504,2019-12-16 02:18:05.158383
0.0007519248756580055,505,2019-12-16 02:18:05.229445
0.000740170304197818,506,2019-12-16 02:18:05.487842
0.000743946002330631,507,2019-12-16 02:18:05.544823
0.0007308132480829954,508,2019-12-16 02:18:05.604892
0.0007366160862147808,509,2019-12-16 02:18:05.652749
0.0007350303931161761,510,2019-12-16 02:18:05.703027
0.0007234719232656062,511,2019-12-16 02:18:05.977830
0.0007336646667681634,512,2019-12-16 02:18:06.024027
0.0007411104743368924,513,2019-12-16 02:18:06.072173
0.0007447195239365101,514,2019-12-16 02:18:06.121077
0.0007891130517236888,515,2019-12-16 02:18:06.166805
0.0008327625109814107,516,2019-12-16 02:18:06.398563
0.0009411940118297935,517,2019-12-16 02:18:06.445864
0.0008371604490093887,518,2019-12-16 02:18:06.494646
0.0007621905533596873,519,2019-12-16 02:18:06.542798
0.0007319620926864445,520,2019-12-16 02:18:06.586668
0.0007839559111744165,521,2019-12-16 02:18:06.834134
0.0008468402666039765,522,2019-12-16 02:18:06.879339
0.000761119183152914,523,2019-12-16 02:18:06.927731
0.0007432611891999841,524,2019-12-16 02:18:07.011718
0.0007692396175116301,525,2019-12-16 02:18:07.058526
0.000770173326600343,526,2019-12-16 02:18:07.301091
0.0007733865058980882,527,2019-12-16 02:18:07.348313
0.0007433927385136485,528,2019-12-16 02:18:07.391511
0.0007541356608271599,529,2019-12-16 02:18:07.439011
0.0007615509093739092,530,2019-12-16 02:18:07.482385
0.0007422853377647698,531,2019-12-16 02:18:07.719014
0.0007505745161324739,532,2019-12-16 02:18:07.764703
0.000723892415408045,533,2019-12-16 02:18:07.811888
0.0007250038324855268,534,2019-12-16 02:18:07.858016
0.0007261672290042043,535,2019-12-16 02:18:07.902214
0.0007268179324455559,536,2019-12-16 02:18:08.120591
0.0007180970278568566,537,2019-12-16 02:18:08.165041
0.0007059236522763968,538,2019-12-16 02:18:08.211066
0.0007060760981403291,539,2019-12-16 02:18:08.255522
0.0007162912515923381,540,2019-12-16 02:18:08.302325
0.0007096271147020161,541,2019-12-16 02:18:08.556239
0.0007085144752636552,542,2019-12-16 02:18:08.605098
0.0006909645744599402,543,2019-12-16 02:18:08.648977
0.000697488896548748,544,2019-12-16 02:18:08.695479
0.0007061473443172872,545,2019-12-16 02:18:08.739356
0.0007076245383359492,546,2019-12-16 02:18:08.964968
0.0007070581195876002,547,2019-12-16 02:18:09.009435
0.0006924130138941109,548,2019-12-16 02:18:09.231791
0.0006937334546819329,549,2019-12-16 02:18:09.591313
0.0007043128134682775,550,2019-12-16 02:18:09.745913
0.0007107235724106431,551,2019-12-16 02:18:10.002756
0.0007180183893069625,552,2019-12-16 02:18:10.048279
0.0007373839616775513,553,2019-12-16 02:18:10.096841
0.0007286477484740317,554,2019-12-16 02:18:10.144080
0.0007418906898237765,555,2019-12-16 02:18:10.188410
0.000706178427208215,556,2019-12-16 02:18:10.416773
0.0006845080060884356,557,2019-12-16 02:18:10.461367
0.000680436787661165,558,2019-12-16 02:18:10.510923
0.0006899205036461353,559,2019-12-16 02:18:10.577043
0.0007189793395809829,560,2019-12-16 02:18:10.628987
0.0007195593789219856,561,2019-12-16 02:18:10.915876
0.0007191293989308178,562,2019-12-16 02:18:10.968386
0.0006858991109766066,563,2019-12-16 02:18:11.024198
0.0006706803105771542,564,2019-12-16 02:18:11.081743
0.0006666191038675606,565,2019-12-16 02:18:11.138088
0.0006806306773796678,566,2019-12-16 02:18:11.398404
0.00070491450605914,567,2019-12-16 02:18:11.457838
0.000703090219758451,568,2019-12-16 02:18:11.510675
0.0006981035112403333,569,2019-12-16 02:18:11.566542
0.000698351301252842,570,2019-12-16 02:18:11.621178
0.0006978419842198491,571,2019-12-16 02:18:11.881753
0.0007125812117010355,572,2019-12-16 02:18:11.939021
0.0007075094035826623,573,2019-12-16 02:18:11.993172
0.0007333117537200451,574,2019-12-16 02:18:12.045595
0.0007292167283594608,575,2019-12-16 02:18:12.097440
0.0007404939387924969,576,2019-12-16 02:18:12.345222
0.0007230808259919286,577,2019-12-16 02:18:12.402358
0.0007475427119061351,578,2019-12-16 02:18:12.459012
0.0007509918068535626,579,2019-12-16 02:18:12.514447
0.0007134656189009547,580,2019-12-16 02:18:12.564806
0.0007027845131233335,581,2019-12-16 02:18:12.827243
0.0006916562560945749,582,2019-12-16 02:18:12.884468
0.0007061876240186393,583,2019-12-16 02:18:12.935675
0.000728837912902236,584,2019-12-16 02:18:12.985844
0.0007288665510714054,585,2019-12-16 02:18:13.033199
0.0006804651929996908,586,2019-12-16 02:18:13.313098
0.0006820233538746834,587,2019-12-16 02:18:13.373229
0.0007221274427138269,588,2019-12-16 02:18:13.424113
0.000713703571818769,589,2019-12-16 02:18:13.478390
0.0006727874279022217,590,2019-12-16 02:18:13.536236
0.0006592922145500779,591,2019-12-16 02:18:13.783412
0.0006824967567808926,592,2019-12-16 02:18:13.839903
0.000692719710059464,593,2019-12-16 02:18:13.896993
0.0006582906353287399,594,2019-12-16 02:18:14.034771
0.0006500729359686375,595,2019-12-16 02:18:14.092072
0.0006675317417830229,596,2019-12-16 02:18:15.090464
0.0006681493250653148,597,2019-12-16 02:18:15.142631
0.0006776558584533632,598,2019-12-16 02:18:15.194492
0.0007119280635379255,599,2019-12-16 02:18:15.248257
0.0007335803238674998,600,2019-12-16 02:18:15.305990
0.0008615103433839977,601,2019-12-16 02:18:15.572474
0.0007215150399133563,602,2019-12-16 02:18:15.630366
0.0006792404456064105,603,2019-12-16 02:18:15.692098
0.0007407665834762156,604,2019-12-16 02:18:15.751481
0.0007478175102733076,605,2019-12-16 02:18:15.809786
0.0007682572468183935,606,2019-12-16 02:18:16.063551
0.0006969262030906975,607,2019-12-16 02:18:16.120953
0.0006852130754850805,608,2019-12-16 02:18:16.177563
0.0007424920331686735,609,2019-12-16 02:18:16.229741
0.0007281404105015099,610,2019-12-16 02:18:16.282624
0.0007306854240596294,611,2019-12-16 02:18:16.531194
0.0006866262410767376,612,2019-12-16 02:18:16.585789
0.0007144024129956961,613,2019-12-16 02:18:16.644574
0.0007539261132478714,614,2019-12-16 02:18:16.699294
0.0006644622189924121,615,2019-12-16 02:18:16.752827
0.0007234705844894052,616,2019-12-16 02:18:17.021470
0.0007182208355516195,617,2019-12-16 02:18:17.076381
0.0007214515935629606,618,2019-12-16 02:18:17.130724
0.0006966935470700264,619,2019-12-16 02:18:17.188794
0.0007252675713971257,620,2019-12-16 02:18:17.243273
0.000688348023686558,621,2019-12-16 02:18:17.480678
0.0006762021221220493,622,2019-12-16 02:18:17.532461
0.000694785441737622,623,2019-12-16 02:18:17.585257
0.0006894914549775422,624,2019-12-16 02:18:17.636705
0.0006724627455696464,625,2019-12-16 02:18:17.686049
0.0006618964252993464,626,2019-12-16 02:18:17.943199
0.0006558240274898708,627,2019-12-16 02:18:17.994981
0.000667033193167299,628,2019-12-16 02:18:18.047140
0.0006361805717460811,629,2019-12-16 02:18:18.100120
0.0006580385379493237,630,2019-12-16 02:18:18.154892
0.0006284721894189715,631,2019-12-16 02:18:18.405938
0.000642068509478122,632,2019-12-16 02:18:18.462836
0.0006230471772141755,633,2019-12-16 02:18:18.512723
0.000630344613455236,634,2019-12-16 02:18:18.562788
0.0006196714239194989,635,2019-12-16 02:18:18.623752
0.0006243226816877723,636,2019-12-16 02:18:18.881814
0.0006199064082466066,637,2019-12-16 02:18:18.939806
0.0006170347915031016,638,2019-12-16 02:18:18.995704
0.0006082702893763781,639,2019-12-16 02:18:19.060384
0.0006158011383377016,640,2019-12-16 02:18:19.113668
0.0006026217015460134,641,2019-12-16 02:18:19.369658
0.0006045235786587,642,2019-12-16 02:18:19.421841
0.0006035101250745356,643,2019-12-16 02:18:20.024891
0.000604056753218174,644,2019-12-16 02:18:20.109790
0.0006045004120096564,645,2019-12-16 02:18:20.161819
0.0006053115357644856,646,2019-12-16 02:18:20.397322
0.0006193132721818984,647,2019-12-16 02:18:20.451686
0.0006543674971908331,648,2019-12-16 02:18:20.499705
0.00069712899858132,649,2019-12-16 02:18:20.558053
0.0008348451810888946,650,2019-12-16 02:18:20.622918
0.0007249698974192142,651,2019-12-16 02:18:20.927301
0.0006920381565578282,652,2019-12-16 02:18:20.991471
0.0007201466360129416,653,2019-12-16 02:18:21.050043
0.00070389942266047,654,2019-12-16 02:18:21.109597
0.0007169359014369547,655,2019-12-16 02:18:21.165005
0.0006671550800092518,656,2019-12-16 02:18:21.450214
0.0006718105869367719,657,2019-12-16 02:18:21.504116
0.0007498202612623572,658,2019-12-16 02:18:21.558000
0.000682149373460561,659,2019-12-16 02:18:21.604418
0.0006680036894977093,660,2019-12-16 02:18:21.659485
0.0006831500795669854,661,2019-12-16 02:18:21.895253
0.000640404992736876,662,2019-12-16 02:18:21.952224
0.0006841074791736901,663,2019-12-16 02:18:22.001928
0.0006555838044732809,664,2019-12-16 02:18:22.053449
0.0006723686237819493,665,2019-12-16 02:18:22.105084
0.0006864133756607771,666,2019-12-16 02:18:22.337925
0.000612845818977803,667,2019-12-16 02:18:22.390592
0.0006695032934658229,668,2019-12-16 02:18:22.451894
0.0006882911548018456,669,2019-12-16 02:18:22.508219
0.0006403938168659806,670,2019-12-16 02:18:22.565065
0.0006724552949890494,671,2019-12-16 02:18:22.832576
0.0006801041308790445,672,2019-12-16 02:18:22.882051
0.0006973265553824604,673,2019-12-16 02:18:22.932501
0.0006539776222780347,674,2019-12-16 02:18:22.981788
0.0006598273757845163,675,2019-12-16 02:18:23.029253
0.0007193890050984919,676,2019-12-16 02:18:23.279738
0.0006112748524174094,677,2019-12-16 02:18:23.325859
0.0006527797086164355,678,2019-12-16 02:18:23.375344
0.0006363789434544742,679,2019-12-16 02:18:23.430087
0.0006222923402674496,680,2019-12-16 02:18:23.480500
0.0006194421439431608,681,2019-12-16 02:18:23.750888
0.0006206480320543051,682,2019-12-16 02:18:23.805296
0.0006486269412562251,683,2019-12-16 02:18:23.861598
0.0005878076772205532,684,2019-12-16 02:18:23.927495
0.0006446422776207328,685,2019-12-16 02:18:23.981997
0.0006553666898980737,686,2019-12-16 02:18:24.254492
0.0006404150044545531,687,2019-12-16 02:18:24.310907
0.0006134918075986207,688,2019-12-16 02:18:24.365002
0.0006524826167151332,689,2019-12-16 02:18:24.418133
0.000647607259452343,690,2019-12-16 02:18:24.518405
0.0005871744942851365,691,2019-12-16 02:18:25.465036
0.0006273866165429354,692,2019-12-16 02:18:25.527845
0.0006072521791793406,693,2019-12-16 02:18:25.585620
0.0006263382965698838,694,2019-12-16 02:18:25.644880
0.0005892405170015991,695,2019-12-16 02:18:25.705232
0.000624512555077672,696,2019-12-16 02:18:25.968186
0.0006401000428013504,697,2019-12-16 02:18:26.030161
0.0006188578554429114,698,2019-12-16 02:18:26.090620
0.0006369329639710486,699,2019-12-16 02:18:26.151127
0.0006427511689253151,700,2019-12-16 02:18:26.211892
0.0006458266288973391,701,2019-12-16 02:18:26.471312
0.0005881170509383082,702,2019-12-16 02:18:26.532374
0.0006245236727409065,703,2019-12-16 02:18:26.593441
0.0005970947677269578,704,2019-12-16 02:18:26.654010
0.0006142765050753951,705,2019-12-16 02:18:26.713393
0.0005847550928592682,706,2019-12-16 02:18:26.972956
0.0006213228334672749,707,2019-12-16 02:18:27.036031
0.0006352423806674778,708,2019-12-16 02:18:27.095075
0.0006031066295690835,709,2019-12-16 02:18:27.156960
0.0006140412879176438,710,2019-12-16 02:18:27.216269
0.0006180915515869856,711,2019-12-16 02:18:27.501418
0.0006203257362358272,712,2019-12-16 02:18:27.556324
0.0005667755613103509,713,2019-12-16 02:18:27.618680
0.0006042573950253427,714,2019-12-16 02:18:27.680248
0.0005865981220267713,715,2019-12-16 02:18:27.738654
0.0005870487075299025,716,2019-12-16 02:18:27.989106
0.0005724928341805935,717,2019-12-16 02:18:28.051231
0.0005934809450991452,718,2019-12-16 02:18:28.112727
0.0006159325712360442,719,2019-12-16 02:18:28.171563
0.0005973987281322479,720,2019-12-16 02:18:28.232667
0.000643929757643491,721,2019-12-16 02:18:28.493131
0.0006498320144601166,722,2019-12-16 02:18:28.555037
0.0006726205465383828,723,2019-12-16 02:18:28.615725
0.0006313567282631993,724,2019-12-16 02:18:28.676273
0.0006798957474529743,725,2019-12-16 02:18:28.736626
0.0006007383926771581,726,2019-12-16 02:18:28.979634
0.0006175105809234083,727,2019-12-16 02:18:29.033646
0.0006532007246278226,728,2019-12-16 02:18:29.099328
0.000704057514667511,729,2019-12-16 02:18:29.163983
0.0006883054738864303,730,2019-12-16 02:18:29.218941
0.0006721990066580474,731,2019-12-16 02:18:29.464780
0.0006993513088673353,732,2019-12-16 02:18:29.524941
0.0006872676312923431,733,2019-12-16 02:18:30.210357
0.0006075152778066695,734,2019-12-16 02:18:30.267357
0.0006911964155733585,735,2019-12-16 02:18:30.320024
0.0006860670982860029,736,2019-12-16 02:18:30.581679
0.0006524210330098867,737,2019-12-16 02:18:30.651188
0.0006255075568333268,738,2019-12-16 02:18:30.719048
0.0006404460873454809,739,2019-12-16 02:18:30.774095
0.0006135925650596619,740,2019-12-16 02:18:30.829148
